{"assets/fonts/OpenSans-Bold.ttf":["assets/fonts/OpenSans-Bold.ttf"],"assets/fonts/OpenSans-Regular.ttf":["assets/fonts/OpenSans-Regular.ttf"],"assets/fonts/QuickSand-Bold.ttf":["assets/fonts/QuickSand-Bold.ttf"],"assets/fonts/QuickSand-Regular.ttf":["assets/fonts/QuickSand-Regular.ttf"],"assets/icons/animationLoader.gif":["assets/icons/animationLoader.gif"],"assets/icons/flyflutter.png":["assets/icons/flyflutter.png"],"assets/icons/icon.png":["assets/icons/icon.png"],"packages/cupertino_icons/assets/CupertinoIcons.ttf":["packages/cupertino_icons/assets/CupertinoIcons.ttf"],"packages/flutter_math_fork/lib/katex_fonts/fonts/KaTeX_AMS-Regular.ttf":["packages/flutter_math_fork/lib/katex_fonts/fonts/KaTeX_AMS-Regular.ttf"],"packages/flutter_math_fork/lib/katex_fonts/fonts/KaTeX_Caligraphic-Bold.ttf":["packages/flutter_math_fork/lib/katex_fonts/fonts/KaTeX_Caligraphic-Bold.ttf"],"packages/flutter_math_fork/lib/katex_fonts/fonts/KaTeX_Caligraphic-Regular.ttf":["packages/flutter_math_fork/lib/katex_fonts/fonts/KaTeX_Caligraphic-Regular.ttf"],"packages/flutter_math_fork/lib/katex_fonts/fonts/KaTeX_Fraktur-Bold.ttf":["packages/flutter_math_fork/lib/katex_fonts/fonts/KaTeX_Fraktur-Bold.ttf"],"packages/flutter_math_fork/lib/katex_fonts/fonts/KaTeX_Fraktur-Regular.ttf":["packages/flutter_math_fork/lib/katex_fonts/fonts/KaTeX_Fraktur-Regular.ttf"],"packages/flutter_math_fork/lib/katex_fonts/fonts/KaTeX_Main-Bold.ttf":["packages/flutter_math_fork/lib/katex_fonts/fonts/KaTeX_Main-Bold.ttf"],"packages/flutter_math_fork/lib/katex_fonts/fonts/KaTeX_Main-BoldItalic.ttf":["packages/flutter_math_fork/lib/katex_fonts/fonts/KaTeX_Main-BoldItalic.ttf"],"packages/flutter_math_fork/lib/katex_fonts/fonts/KaTeX_Main-Italic.ttf":["packages/flutter_math_fork/lib/katex_fonts/fonts/KaTeX_Main-Italic.ttf"],"packages/flutter_math_fork/lib/katex_fonts/fonts/KaTeX_Main-Regular.ttf":["packages/flutter_math_fork/lib/katex_fonts/fonts/KaTeX_Main-Regular.ttf"],"packages/flutter_math_fork/lib/katex_fonts/fonts/KaTeX_Math-BoldItalic.ttf":["packages/flutter_math_fork/lib/katex_fonts/fonts/KaTeX_Math-BoldItalic.ttf"],"packages/flutter_math_fork/lib/katex_fonts/fonts/KaTeX_Math-Italic.ttf":["packages/flutter_math_fork/lib/katex_fonts/fonts/KaTeX_Math-Italic.ttf"],"packages/flutter_math_fork/lib/katex_fonts/fonts/KaTeX_SansSerif-Bold.ttf":["packages/flutter_math_fork/lib/katex_fonts/fonts/KaTeX_SansSerif-Bold.ttf"],"packages/flutter_math_fork/lib/katex_fonts/fonts/KaTeX_SansSerif-Italic.ttf":["packages/flutter_math_fork/lib/katex_fonts/fonts/KaTeX_SansSerif-Italic.ttf"],"packages/flutter_math_fork/lib/katex_fonts/fonts/KaTeX_SansSerif-Regular.ttf":["packages/flutter_math_fork/lib/katex_fonts/fonts/KaTeX_SansSerif-Regular.ttf"],"packages/flutter_math_fork/lib/katex_fonts/fonts/KaTeX_Script-Regular.ttf":["packages/flutter_math_fork/lib/katex_fonts/fonts/KaTeX_Script-Regular.ttf"],"packages/flutter_math_fork/lib/katex_fonts/fonts/KaTeX_Size1-Regular.ttf":["packages/flutter_math_fork/lib/katex_fonts/fonts/KaTeX_Size1-Regular.ttf"],"packages/flutter_math_fork/lib/katex_fonts/fonts/KaTeX_Size2-Regular.ttf":["packages/flutter_math_fork/lib/katex_fonts/fonts/KaTeX_Size2-Regular.ttf"],"packages/flutter_math_fork/lib/katex_fonts/fonts/KaTeX_Size3-Regular.ttf":["packages/flutter_math_fork/lib/katex_fonts/fonts/KaTeX_Size3-Regular.ttf"],"packages/flutter_math_fork/lib/katex_fonts/fonts/KaTeX_Size4-Regular.ttf":["packages/flutter_math_fork/lib/katex_fonts/fonts/KaTeX_Size4-Regular.ttf"],"packages/flutter_math_fork/lib/katex_fonts/fonts/KaTeX_Typewriter-Regular.ttf":["packages/flutter_math_fork/lib/katex_fonts/fonts/KaTeX_Typewriter-Regular.ttf"],"packages/wakelock_web/assets/no_sleep.js":["packages/wakelock_web/assets/no_sleep.js"]}